13057.6090000, 10637.9150000, 8285.4220000, 5923.0630000, 6748.5740000, 7426.5380000, 7650.0980000
12955.8000000, 10670.3020000, 6806.3330000, 5781.1810000, 5824.5110000, 6446.2370000, 6495.9180000
12937.7630000, 10655.3960000, 6795.1840000, 5693.8890000, 6519.1230000, 6131.0860000, 6558.2480000
12970.4280000, 10633.1740000, 6747.5570000, 5650.2990000, 5819.4550000, 6042.2400000, 6590.8770000
12980.8720000, 10657.5430000, 6832.2200000, 5730.9800000, 6589.6370000, 6005.9270000, 6641.5030000
12992.8540000, 10657.6550000, 6775.0930000, 5581.1540000, 5977.9290000, 6956.7840000, 6462.2160000
12939.2450000, 10631.2850000, 6767.5930000, 5691.8340000, 5725.4790000, 6288.8010000, 6278.2070000
12922.3380000, 10655.8580000, 6757.8160000, 5696.4260000, 5748.2740000, 6088.8300000, 6638.0220000
12973.6690000, 10657.5070000, 6775.1310000, 5843.4000000, 5795.4200000, 6068.4410000, 6492.9740000
12989.0200000, 10633.8970000, 6781.7960000, 5647.8170000, 5780.9020000, 6080.8860000, 6498.6960000
12961.5590000, 10654.1910000, 6744.9280000, 5688.7600000, 6671.0400000, 6394.5730000, 6460.1980000
12924.0790000, 10656.3580000, 6771.8520000, 5669.8340000, 6351.8170000, 6604.1730000, 6494.2140000
12937.0040000, 10640.4150000, 6777.5560000, 5669.5200000, 5718.6090000, 5990.4450000, 6372.4440000
13032.5360000, 10661.2660000, 6749.8170000, 5664.3170000, 5787.5690000, 6054.8870000, 6469.6790000
12971.7620000, 10650.6910000, 6764.2230000, 5626.7440000, 5932.1720000, 6022.0550000, 6570.5630000
12921.5420000, 10632.0270000, 6760.5570000, 5681.3340000, 6075.3130000, 6009.3150000, 6520.9170000
12933.0600000, 10660.7470000, 6747.9280000, 5674.2980000, 6645.8750000, 5990.8160000, 6320.7240000
12974.4470000, 10657.5800000, 6769.7780000, 5637.4470000, 6656.8190000, 5992.7600000, 6128.5480000
12987.1130000, 10631.6360000, 6793.8150000, 5613.3000000, 5778.0320000, 5948.6890000, 6374.1840000
12949.7440000, 10660.3390000, 6782.6480000, 5600.7640000, 5727.9050000, 5916.2270000, 6215.3400000
12906.4510000, 10659.7470000, 6759.5940000, 5704.9250000, 5860.4350000, 6024.8330000, 6412.9410000
12980.4650000, 10632.8590000, 6778.0370000, 5624.6880000, 5699.5540000, 5949.5590000, 6232.9510000
12987.1500000, 10656.3020000, 6766.7230000, 5636.8740000, 5908.5620000, 6009.4450000, 6627.3190000
12971.7430000, 10660.5980000, 6751.5570000, 5623.1890000, 5735.3480000, 5994.9640000, 6325.3160000
12927.9120000, 10644.9880000, 6769.7970000, 5627.8000000, 5840.5470000, 5904.6350000, 6403.0900000
12960.8550000, 10656.7650000, 6786.2600000, 5745.1830000, 5818.8810000, 6015.6860000, 6393.4610000
12985.1690000, 10654.4500000, 6748.2240000, 5614.5600000, 5763.1060000, 6035.3880000, 6882.8790000
12966.0030000, 10631.1560000, 6773.9640000, 5652.5760000, 5770.2910000, 6661.1330000, 6541.4150000
12947.2630000, 10653.5250000, 6767.7780000, 5708.5730000, 5740.8300000, 6060.5540000, 6410.3850000
12916.9870000, 10654.1360000, 6749.4280000, 5644.0590000, 5843.0470000, 6032.9620000, 6318.4090000
12977.5580000, 10630.5440000, 6776.5190000, 5626.7630000, 5732.6450000, 6032.2220000, 6496.5300000
12955.6330000, 10657.0620000, 6775.9260000, 5608.2260000, 5775.4400000, 6659.3550000, 6694.0740000
12988.7230000, 10657.3390000, 6784.7400000, 5621.7630000, 5744.0340000, 6208.1010000, 6493.8820000
12946.4860000, 10632.3590000, 6742.8350000, 5578.6170000, 5976.7440000, 6490.7710000, 6669.4830000
12955.5410000, 10657.1170000, 6775.2970000, 5591.3390000, 5789.6050000, 6273.2830000, 6467.5300000
12967.1870000, 10666.1910000, 6774.3150000, 5653.9840000, 5817.7700000, 6509.9550000, 6432.4960000
12971.0770000, 10635.5070000, 6912.7530000, 5575.6540000, 5863.3610000, 6388.3320000, 6358.7780000
12948.6330000, 10654.5050000, 6793.8700000, 5636.8920000, 5834.7880000, 6492.2720000, 6804.0320000
12965.0590000, 10657.9130000, 6786.1110000, 5716.6100000, 6152.8650000, 6491.8830000, 6613.2270000
12946.0040000, 10632.8960000, 6743.4100000, 5576.4690000, 5738.7000000, 5996.1310000, 6490.2700000
12973.4650000, 10658.0060000, 6762.0570000, 5608.1900000, 5840.6400000, 6098.9770000, 6458.2360000
12952.5220000, 10655.0060000, 6772.0010000, 5646.4840000, 5995.5390000, 6425.2380000, 6390.3870000
12979.5020000, 10635.3950000, 6751.4270000, 5628.1330000, 6146.5870000, 6052.5170000, 6376.5910000
12950.2260000, 10654.8210000, 6779.6670000, 5556.9520000, 5781.6800000, 5973.5580000, 6473.4750000
12974.9650000, 10653.3760000, 6775.5560000, 5616.5590000, 5834.3620000, 6044.7400000, 6714.0180000
13022.5920000, 10632.4890000, 6769.9820000, 5646.7810000, 5791.6240000, 6322.7990000, 6600.7090000
12969.0400000, 10657.0990000, 6753.3160000, 5676.6300000, 5756.1810000, 6309.4660000, 6362.7030000
12940.3190000, 10671.3390000, 6764.7610000, 5665.9270000, 5930.9500000, 6296.1140000, 6444.4020000
12952.0960000, 10633.9510000, 6786.8520000, 5632.7250000, 6212.8980000, 6155.4740000, 6399.7380000
12977.0760000, 10657.5980000, 6757.4090000, 5628.7630000, 5826.8070000, 5938.3930000, 6760.0520000
12985.6500000, 10652.2470000, 6781.9630000, 5562.8400000, 5735.7560000, 6197.6380000, 6428.6810000
12948.6700000, 10636.9690000, 6774.8890000, 5608.9860000, 5807.8260000, 5949.6150000, 6596.0060000
12938.4110000, 10654.2100000, 6749.2990000, 5657.5760000, 5907.3960000, 6413.9790000, 6418.0520000
12985.1860000, 10657.1910000, 6776.4810000, 5566.0250000, 5725.9790000, 6082.9410000, 6599.6900000
12977.6680000, 10633.6730000, 6790.5740000, 5632.1700000, 5805.8270000, 6041.5910000, 6345.2040000
12936.5960000, 10654.0060000, 6740.8170000, 5656.3540000, 5855.6760000, 5934.1150000, 6228.4510000
12941.4110000, 10654.5050000, 6780.9820000, 5636.6140000, 5807.3450000, 6076.0710000, 6285.2810000
12955.9470000, 10634.0440000, 6785.8330000, 5599.3200000, 6733.1120000, 6250.2470000, 6139.7700000
12998.2600000, 10656.9500000, 6754.8160000, 5674.2050000, 5735.7740000, 6464.8840000, 6503.2330000
12990.6120000, 10667.7830000, 6752.2980000, 5635.5400000, 5700.1840000, 6301.4480000, 6374.5550000
12923.0970000, 10632.6920000, 6771.0190000, 5618.1340000, 5819.9190000, 6353.6120000, 6268.7460000
12962.2620000, 10660.5430000, 6777.7040000, 5593.7280000, 5751.9960000, 6364.9820000, 6227.5810000
13074.2000000, 10650.8400000, 6751.7610000, 5598.1710000, 6371.2780000, 6471.5690000, 6272.5590000
13024.1840000, 10631.2660000, 6771.0560000, 5605.5420000, 5882.4890000, 6053.2760000, 6205.3970000
12951.2800000, 10658.5250000, 6783.8520000, 5629.4110000, 5797.5500000, 6191.1760000, 6328.8710000
12953.9840000, 10653.4500000, 6756.6310000, 5663.6310000, 5741.3480000, 6561.9900000, 6353.6850000
12961.4470000, 10632.8400000, 6770.7600000, 5739.7200000, 6081.9970000, 5916.9680000, 6267.1900000
13016.9060000, 10657.2090000, 6771.3710000, 5580.6360000, 6588.6740000, 6090.0510000, 6437.2540000
12971.1680000, 10659.6170000, 6734.5030000, 5588.8760000, 6369.3900000, 6398.0360000, 6232.8770000
12942.1880000, 10636.0070000, 6765.9270000, 5741.2390000, 5834.9180000, 6549.0280000, 6593.2460000
12986.3340000, 10664.3390000, 6773.7590000, 5573.2280000, 5819.3810000, 6663.0770000, 6260.3380000
13027.9250000, 10657.3200000, 6766.0200000, 5627.2990000, 5862.9900000, 6465.5880000, 6712.5550000
12985.3530000, 10630.4700000, 6763.7980000, 5564.1180000, 5726.2750000, 6528.4360000, 6753.5890000
12949.7070000, 10657.1910000, 6771.8900000, 5629.4110000, 5926.5980000, 6082.3480000, 6211.5250000
12938.6140000, 10632.7480000, 6770.5380000, 5620.3560000, 5787.5500000, 6056.0720000, 6674.6120000
13003.1300000, 10658.8390000, 6762.8900000, 5611.6520000, 5948.7080000, 6540.9910000, 6323.0930000
13535.0650000, 10656.8760000, 6767.7600000, 5807.2720000, 6034.9440000, 6307.9290000, 6302.1880000
12970.5390000, 10629.1180000, 6771.6680000, 5596.3200000, 5791.7350000, 6313.5580000, 6312.6870000
12956.0020000, 10661.0050000, 6750.3720000, 5618.6890000, 5903.7850000, 5956.2620000, 6106.2900000
12931.4120000, 10655.3580000, 6792.5370000, 5666.8910000, 5791.8460000, 6305.7260000, 6573.9700000
12980.3720000, 10631.3030000, 6762.4450000, 5703.4810000, 5810.4370000, 6632.2820000, 6498.0110000
12960.2990000, 10654.6730000, 6746.8530000, 5810.5490000, 5730.9980000, 6573.8040000, 6441.2360000
12947.0030000, 10668.5240000, 6779.3520000, 5763.7740000, 5869.2310000, 6218.3230000, 6200.9150000
12965.0950000, 10631.4890000, 6774.0190000, 5785.6810000, 5746.7740000, 6049.4240000, 6628.7440000
12946.6880000, 10656.1540000, 6757.1310000, 5689.5370000, 6532.8810000, 7048.9830000, 6242.9680000
12988.1120000, 10655.4690000, 6759.3530000, 5537.6010000, 5791.3090000, 6019.0740000, 6183.8420000
12959.3170000, 10632.1740000, 6770.3340000, 5626.1700000, 5898.8950000, 6262.2100000, 6706.6840000
12959.6130000, 10656.9680000, 6772.8710000, 5557.1180000, 6540.3430000, 7094.9430000, 6290.2250000
12957.4470000, 10657.0620000, 6745.4100000, 5847.7880000, 6181.8810000, 6335.9650000, 6136.4180000
12989.2780000, 10632.7670000, 6781.8330000, 5709.0550000, 6561.0650000, 6299.1520000, 6561.9700000
12970.1130000, 10654.9500000, 6774.2220000, 5688.2220000, 5786.9390000, 6482.2900000, 6233.8570000
12958.4290000, 10658.3390000, 6754.4460000, 5621.8000000, 5810.5860000, 5963.8730000, 6289.7250000
12946.5950000, 10630.1930000, 6772.5190000, 5585.8020000, 6530.5290000, 6266.2090000, 6265.7270000
12962.1320000, 10658.0990000, 6775.7040000, 5735.1270000, 6417.0170000, 6220.4890000, 6511.2140000
12984.0380000, 10665.4680000, 6751.1500000, 5640.8360000, 5797.0310000, 6520.3060000, 6656.3910000
12985.0750000, 10634.0990000, 6772.4450000, 5668.4270000, 5852.9170000, 6204.0830000, 6328.1860000
12938.6890000, 10656.3950000, 6783.4630000, 5638.5030000, 5938.9500000, 6028.2400000, 6173.8230000
12940.3180000, 10656.0250000, 6755.9460000, 5602.1900000, 5852.6020000, 6815.9940000, 6453.0490000
12980.3160000, 10633.6550000, 6747.7240000, 5634.7620000, 7064.8350000, 6158.0300000, 6208.6000000
13008.1480000, 10655.8020000, 6763.2420000, 5647.4840000, 5829.3810000, 6232.8400000, 6516.6390000
12940.7630000, 10655.7280000, 6765.7230000, 5626.8180000, 6468.6060000, 6500.9750000, 6354.0180000
12953.9840000, 10634.1730000, 6738.8920000, 5661.8350000, 5937.7090000, 6173.1950000, 6278.3550000
12933.5960000, 10657.6360000, 6768.2780000, 5666.7240000, 6404.4250000, 6422.7560000, 6339.0370000
12998.8530000, 10659.3390000, 6773.4630000, 5716.8310000, 5811.7890000, 6377.8510000, 6836.6400000
12970.8720000, 10630.4140000, 6757.7240000, 5669.4260000, 6158.8270000, 6557.2860000, 6720.9430000
12936.4850000, 10662.5610000, 6776.5380000, 5615.6520000, 5876.3410000, 6324.9460000, 6980.5400000
12943.4100000, 10658.8940000, 6776.9080000, 5662.2970000, 7207.7340000, 6639.9300000, 6185.7120000
12966.1140000, 10645.7840000, 6747.5390000, 5637.3360000, 5936.3010000, 6327.4100000, 6592.5980000
12999.2970000, 10657.6910000, 6758.1860000, 5584.5240000, 5867.5080000, 6391.7580000, 6597.1720000
12944.3920000, 10659.3020000, 6778.6300000, 5593.6340000, 5809.6960000, 6198.3420000, 6438.2360000
12933.2260000, 10633.8760000, 6767.3530000, 5793.2170000, 5824.0660000, 6529.9720000, 6432.1070000
12965.6510000, 10657.9130000, 6756.5940000, 5667.5930000, 6200.1020000, 6035.6280000, 6617.3560000
13015.7030000, 10658.4500000, 6776.7960000, 5754.1260000, 5868.7860000, 6088.6630000, 6435.1990000
12954.1510000, 10632.7840000, 6777.1120000, 5726.4240000, 5769.4210000, 6049.3500000, 6469.4010000
12985.5560000, 10656.2280000, 6740.7240000, 5550.2850000, 6619.0430000, 6047.3130000, 6241.1170000
12945.3180000, 10654.5610000, 6772.9080000, 5751.5340000, 5910.7280000, 6195.2680000, 6459.2910000
12993.6670000, 10632.0070000, 6765.8890000, 5723.5720000, 6205.9170000, 6135.3640000, 6334.0010000
12954.9100000, 10672.1340000, 6743.9280000, 5645.1500000, 6842.0870000, 6501.6400000, 6504.0650000
12959.5390000, 10739.4080000, 6783.6850000, 5556.7100000, 5882.4890000, 6310.9110000, 6638.7260000
12935.7450000, 10633.1540000, 6757.9270000, 5621.8920000, 5952.5960000, 6592.4320000, 6143.4180000
12981.7970000, 10656.8940000, 6833.4610000, 5670.5190000, 5751.1990000, 6329.2050000, 6705.4440000
13024.3690000, 10653.7650000, 6789.0360000, 5722.7760000, 6374.8150000, 6078.8480000, 6517.2500000
12969.0020000, 10633.4320000, 6784.5180000, 5593.0980000, 6970.8400000, 5965.2240000, 6485.8630000
12938.0030000, 10657.7080000, 6759.0570000, 5585.8380000, 5987.0760000, 6099.1430000, 6643.2070000
12974.1680000, 10654.6530000, 6746.7610000, 5714.0730000, 5884.6550000, 7456.8310000, 6526.2120000
12978.8530000, 10633.5620000, 6924.9360000, 5519.3420000, 6350.4470000, 16878.7820000, 6435.0510000
12985.5570000, 10659.1720000, 6781.4080000, 5581.1360000, 5886.1930000, 7465.6270000, 6377.8690000
12942.7630000, 10658.2830000, 6759.2230000, 5747.0710000, 6319.7070000, 6039.0910000, 6599.6900000
12974.4640000, 10635.3950000, 6788.7770000, 5637.2250000, 5749.0880000, 6069.9780000, 6593.4120000
12959.1870000, 10678.4120000, 6768.0000000, 5744.2010000, 6076.5900000, 5941.6150000, 6378.3500000
12991.7410000, 10695.2440000, 6752.4640000, 5661.0380000, 6725.3710000, 6014.2960000, 6394.7570000
12951.5200000, 10639.9690000, 6771.3340000, 5606.7260000, 6264.5250000, 6066.5710000, 6536.6190000
12957.1680000, 10659.0050000, 6783.9440000, 5698.6850000, 6020.4820000, 5929.4300000, 6462.9380000
12950.2990000, 10654.9870000, 6746.6500000, 5661.5010000, 7014.2820000, 6084.2930000, 6587.0800000
12984.2790000, 10634.7470000, 6772.0740000, 5626.7620000, 5877.9710000, 6163.4550000, 6779.8660000
12969.6120000, 10658.2270000, 6773.9260000, 5622.2630000, 6665.3740000, 6023.7030000, 6936.1910000
12975.5380000, 10654.8940000, 6767.4270000, 5690.5930000, 5926.4320000, 6143.5110000, 6622.9670000
12963.5200000, 10633.3960000, 6760.7040000, 5606.6710000, 5853.4350000, 6438.4960000, 6250.7270000
12958.3170000, 10654.2640000, 6776.1850000, 5678.3900000, 5844.8990000, 6017.6100000, 6503.4730000
12974.6120000, 10656.9490000, 6771.5930000, 5645.9470000, 5881.9520000, 6023.9990000, 6374.7200000
12941.6500000, 10641.0430000, 6746.9270000, 5696.8700000, 5865.7120000, 5935.7630000, 6381.0540000
12965.1310000, 10661.4490000, 6777.1850000, 6706.0390000, 6870.3820000, 6043.3870000, 6537.2670000
12948.4830000, 10658.8940000, 6780.9440000, 7620.7700000, 6354.7980000, 5961.0580000, 6397.4050000
12976.4640000, 10632.6910000, 6738.5950000, 7621.2690000, 6813.8670000, 6676.3170000, 6540.4160000
12976.3710000, 10656.2090000, 6765.7040000, 7214.7350000, 5921.2460000, 6565.6560000, 6513.1950000
12972.5940000, 10655.5610000, 6769.8340000, 5715.5910000, 5895.0620000, 6237.4700000, 6723.7400000
12931.2440000, 10628.2660000, 6741.7800000, 5664.9460000, 5985.6870000, 6679.0210000, 6176.4900000
12979.1860000, 10657.8940000, 6761.5940000, 5603.6150000, 5963.8370000, 6035.1470000, 6268.8560000
12991.1480000, 10655.6910000, 6778.7780000, 5639.1130000, 6844.1240000, 6160.7510000, 6501.5840000
12973.7420000, 10631.5060000, 6764.4450000, 5627.1890000, 6745.6840000, 5944.2620000, 6878.3430000
12939.9100000, 10660.5790000, 6738.7800000, 5610.6900000, 5938.0970000, 6561.7300000, 6593.0050000
12947.3540000, 10655.9310000, 6782.2780000, 5631.4290000, 6272.1910000, 5968.0580000, 6983.3560000
12973.2970000, 10647.0240000, 6778.6850000, 5694.3520000, 5952.7260000, 6557.4890000, 6610.8750000
12993.6290000, 10659.0240000, 6756.9080000, 5606.3560000, 6343.0390000, 6073.0710000, 6843.0660000
12935.8910000, 10659.9310000, 6770.1300000, 5618.5030000, 5932.0790000, 6392.5350000, 6538.2860000
12930.2070000, 10632.7660000, 6768.1110000, 5641.1140000, 6532.7330000, 5984.2420000, 6228.6170000
12962.7420000, 10656.5420000, 6767.2970000, 5678.0380000, 5935.5420000, 5917.7090000, 6150.5840000
13020.3130000, 10659.8380000, 6809.7390000, 5662.2790000, 6421.0160000, 5907.9130000, 6162.1760000
12957.4460000, 10626.0070000, 6773.9630000, 5581.7470000, 6002.5570000, 6027.4990000, 6257.8750000
12935.1510000, 10659.3020000, 6757.8890000, 5635.0590000, 5865.4160000, 5917.5600000, 6117.4750000
12958.8910000, 10657.2640000, 6771.9080000, 5647.3540000, 5920.0800000, 5999.4450000, 6405.7930000
13015.6100000, 10631.6550000, 6770.7780000, 5642.3180000, 5978.0020000, 6280.6150000, 6412.0700000
12970.2420000, 10656.3200000, 6770.8710000, 5658.6680000, 6429.1640000, 6368.5730000, 6593.1910000
12938.6690000, 10631.8400000, 6759.7410000, 5590.2270000, 6860.9930000, 6497.1040000, 6460.9390000
12930.7620000, 10672.5970000, 6769.9820000, 5680.9630000, 5754.5140000, 6527.0100000, 6467.3830000
12967.9080000, 10657.8010000, 6775.5740000, 5787.4950000, 6498.1050000, 6343.9640000, 6489.3080000
13023.4620000, 10634.8760000, 6748.4830000, 5705.0370000, 5890.9890000, 5982.7610000, 6615.3190000
12963.0380000, 10660.6160000, 6790.3700000, 5585.0420000, 6839.7720000, 5971.6500000, 6446.5870000
12933.9470000, 10655.1160000, 6771.6670000, 5560.7290000, 5943.5230000, 6167.2880000, 6611.9120000
12955.4840000, 10635.2840000, 6740.4460000, 5632.9100000, 5974.3170000, 6186.5280000, 6352.5190000
12985.8890000, 10658.3010000, 6770.7040000, 5695.0180000, 5800.9370000, 6295.3000000, 6529.6940000
12986.7410000, 10655.5800000, 6768.7410000, 5732.7020000, 5915.4690000, 6589.3030000, 6445.8840000
12932.3920000, 10630.2660000, 6744.2610000, 5575.9510000, 5880.1560000, 6175.8430000, 6532.5090000
12931.0210000, 10657.2270000, 6778.4820000, 5672.3710000, 5796.1420000, 6196.3790000, 6463.0310000
12985.2410000, 10658.1530000, 6770.3520000, 5649.1500000, 6537.5660000, 6495.9930000, 6695.1490000
12987.2780000, 10642.3580000, 6768.8150000, 5614.5780000, 6681.4110000, 6401.2390000, 6363.6290000
12964.8530000, 10659.8570000, 6752.2050000, 5784.6250000, 5840.0100000, 6325.3170000, 6634.0400000
12915.9850000, 10656.7270000, 6768.9270000, 5665.7420000, 5829.5660000, 6241.0620000, 6440.9580000
12945.3170000, 10633.9510000, 6767.4270000, 5591.4680000, 5975.5390000, 6300.0400000, 6382.6270000
12978.0010000, 10654.6900000, 6738.3540000, 5653.3360000, 5937.8750000, 5958.4100000, 6448.1980000
12984.6110000, 10654.7650000, 6779.3330000, 5652.2610000, 5750.2180000, 6240.1730000, 6146.2510000
12934.1700000, 10631.6550000, 6767.9820000, 5647.8540000, 5781.5310000, 5976.9650000, 6285.8180000
12949.9280000, 10657.5050000, 6749.2060000, 5733.8500000, 6957.9510000, 6287.7810000, 6545.3970000
12957.7240000, 10655.7640000, 6797.9990000, 5656.7420000, 6915.1760000, 6396.9610000, 6775.8480000
12992.8150000, 10634.0990000, 6770.9260000, 5633.1140000, 6481.9760000, 6531.6020000, 6209.3590000
12967.3900000, 10661.8940000, 6760.2050000, 5612.3560000, 5868.9160000, 5971.1320000, 6212.9700000
12952.6510000, 10653.4680000, 6769.8520000, 5650.3720000, 6891.0100000, 5959.8730000, 6619.4300000
12949.7980000, 10644.8390000, 6778.9440000, 5720.8320000, 6750.3330000, 6199.5270000, 6555.1190000
12989.2590000, 10648.4130000, 6770.7230000, 5674.4450000, 6517.1780000, 6036.3690000, 6225.3400000
12962.7050000, 10656.3760000, 6753.6310000, 5548.4330000, 5838.0470000, 5928.6530000, 6515.2870000
12960.5940000, 10633.5250000, 6782.9810000, 5606.1890000, 5876.7850000, 6625.4500000, 6559.7670000
12948.6500000, 10655.3390000, 6781.8140000, 5615.8000000, 5931.5600000, 6509.3620000, 6140.8630000
12971.8350000, 10655.9310000, 6746.2420000, 5761.6630000, 6389.0920000, 6304.5770000, 6074.8290000
12979.5750000, 10634.2290000, 6779.6300000, 5618.7630000, 6853.5860000, 6391.0910000, 6342.7600000
12966.9640000, 10656.8020000, 6780.1110000, 5624.3000000, 5883.9520000, 6597.2840000, 6273.4660000
12957.1870000, 10657.0800000, 6749.0010000, 5628.0770000, 6636.1900000, 6441.8110000, 6581.9690000
12947.4840000, 10631.0620000, 6776.9820000, 5715.6840000, 5825.4920000, 5960.1880000, 6248.4120000
12978.7970000, 10655.3570000, 6769.2230000, 5576.1170000, 6746.2960000, 6055.8310000, 6230.5800000
12966.9280000, 10667.2270000, 6751.9270000, 5689.0190000, 5886.5630000, 6042.2200000, 6323.2600000
12968.9080000, 10632.9510000, 6765.3710000, 5626.3550000, 5876.5640000, 5979.6680000, 6134.4000000
12930.6140000, 10661.5610000, 6772.4810000, 5665.8530000, 6620.0440000, 6066.7570000, 6357.0360000
12947.9280000, 10655.7460000, 6792.0000000, 5562.0440000, 5940.1890000, 6068.6640000, 6375.5170000
12976.3710000, 10634.4320000, 6744.3900000, 5762.1260000, 5808.1780000, 5975.5570000, 6457.1420000
12970.5930000, 10658.8380000, 6776.9820000, 5627.2440000, 6067.5350000, 6336.5760000, 6823.3640000
12962.9830000, 10661.7270000, 6776.3150000, 5736.2010000, 5958.2260000, 6260.9680000, 6339.3700000
12948.0200000, 10632.4130000, 6755.0940000, 5743.9780000, 6343.3360000, 6354.2600000, 6192.1190000
12989.1480000, 10657.8930000, 6766.1300000, 5589.8390000, 5906.9690000, 6063.4230000, 6306.6870000
13003.0730000, 10659.9310000, 6760.5750000, 5642.9280000, 5779.2910000, 5979.1870000, 6273.1340000
12948.0750000, 10634.5620000, 6744.4830000, 5696.7590000, 6596.0820000, 5942.0040000, 6201.8410000
12943.7430000, 10659.8370000, 6799.3140000, 5717.7760000, 6412.5540000, 6154.8440000, 6366.9070000
12958.1490000, 10669.3190000, 6780.5920000, 5745.3670000, 5852.5650000, 5887.6550000, 6637.1700000
13012.9800000, 10632.3950000, 6748.2420000, 5675.6670000, 5879.1380000, 6100.3100000, 6217.2470000
12970.8330000, 10657.2450000, 6781.0740000, 5785.1250000, 6863.3460000, 6346.7420000, 6421.2370000
12927.5210000, 10659.1900000, 6772.2600000, 5589.7090000, 6541.8620000, 6334.0390000, 6400.0530000
12960.0190000, 10634.3210000, 6919.7150000, 5611.4670000, 5891.7480000, 6306.9660000, 6519.6200000
12996.7030000, 10656.1720000, 6758.6490000, 5732.1090000, 5898.8400000, 6386.0360000, 6246.7090000
12967.0370000, 10656.3190000, 6772.2780000, 5604.4670000, 6001.1310000, 6059.6640000, 6321.4640000
12943.4830000, 10631.7280000, 6776.1670000, 5621.1330000, 6635.9870000, 5904.5610000, 6328.0940000
12926.2250000, 10656.9120000, 6755.5750000, 5630.3730000, 5876.2860000, 6532.4540000, 6285.7810000
12981.7400000, 10656.0970000, 6773.7220000, 5577.9880000, 5929.0420000, 6464.6060000, 6271.5600000
12976.2960000, 10631.0620000, 6767.2230000, 5656.8720000, 6441.6450000, 6150.0300000, 6217.5800000
12963.4270000, 10657.5790000, 6754.5010000, 5610.9490000, 5853.6390000, 6607.6170000, 6709.5550000
12970.5560000, 10668.2630000, 6786.1670000, 5717.5350000, 5810.4550000, 6457.3290000, 6173.7860000
12961.2970000, 10633.0620000, 6774.5000000, 5607.1160000, 5846.2690000, 6336.5570000, 6438.0690000
13004.4800000, 10656.7080000, 6758.2050000, 5632.0770000, 6133.0870000, 6146.7710000, 6421.9040000
12989.6110000, 10656.8930000, 6766.1110000, 5612.9300000, 5810.1590000, 6613.4130000, 6182.0820000
12943.0020000, 10633.8950000, 6775.4630000, 5642.2060000, 6560.4900000, 6248.1170000, 6178.7300000
12960.3710000, 10650.0610000, 6778.0190000, 5759.9600000, 6995.0800000, 5975.2790000, 6405.2930000
13012.5540000, 10657.6900000, 6745.1130000, 5617.5040000, 6565.9160000, 5937.8370000, 6168.7310000
12985.0550000, 10631.3390000, 6770.3520000, 5715.9990000, 6920.2310000, 5981.7420000, 6597.1900000
12963.9640000, 10657.1340000, 6783.7410000, 5555.7850000, 6393.7400000, 6547.9160000, 6301.3170000
12960.4270000, 10658.1520000, 6753.7970000, 5603.4490000, 6675.9660000, 6410.0160000, 6250.7080000
13010.4610000, 10635.0980000, 6764.6310000, 5637.1320000, 6701.3350000, 6377.7580000, 6460.7520000
13021.1090000, 10666.7080000, 6770.0930000, 5623.2450000, 5837.7870000, 6236.3770000, 6249.7080000
12973.2600000, 10659.5600000, 6750.2790000, 5721.0170000, 5811.0300000, 6300.3370000, 6204.2290000
12939.9270000, 10634.5050000, 6768.7040000, 5569.0620000, 5774.3100000, 6041.6840000, 6470.8450000
12968.4270000, 10649.8760000, 6771.7220000, 5634.4840000, 6817.3110000, 5996.9640000, 6184.0450000
12963.6120000, 10661.2820000, 6752.4830000, 5623.0590000, 6002.2230000, 5973.1130000, 6176.7310000
12964.7970000, 10635.2280000, 6777.3510000, 5608.3010000, 5980.2980000, 5987.0570000, 6453.9940000
12946.4830000, 10656.2640000, 6760.0380000, 5765.7920000, 5831.2500000, 6008.0550000, 6361.0350000
12953.1860000, 10655.3750000, 6789.6100000, 5629.7630000, 5867.4160000, 6382.8880000, 6243.1350000
12952.6130000, 10634.7650000, 6750.5940000, 5722.9620000, 5772.8650000, 6634.5230000, 6182.9340000
12984.6480000, 10651.0790000, 6772.2590000, 5582.4680000, 5893.2670000, 6165.2330000, 6311.8530000
12972.4440000, 10634.2280000, 6768.5180000, 5768.1630000, 6673.9470000, 6501.4920000, 6246.0040000
12966.3520000, 10657.5970000, 6758.5570000, 5685.3150000, 5883.9520000, 6493.6780000, 6318.0560000
12939.7240000, 10669.7070000, 6761.6860000, 5686.2780000, 6351.3540000, 6123.2530000, 6257.1710000
12951.0380000, 10632.1540000, 6787.5180000, 5577.8210000, 5870.1010000, 6217.8410000, 6120.9380000
12982.3330000, 10654.5790000, 6736.6500000, 5602.1710000, 6458.8850000, 6493.8260000, 6324.2790000
12962.0930000, 10658.5230000, 6778.4080000, 5588.4690000, 6130.4390000, 6075.0890000, 6192.8780000
12929.7250000, 10633.7100000, 6768.3890000, 5632.8170000, 5800.3830000, 5919.7080000, 6659.7060000
12943.5750000, 10659.6160000, 6760.7600000, 5772.5700000, 5966.6700000, 6070.9590000, 6237.1350000
12978.3890000, 10657.5980000, 6774.5190000, 5650.0940000, 6964.1730000, 5999.7410000, 6325.0190000
12967.5190000, 10633.2100000, 6783.1480000, 5749.8120000, 6380.7590000, 5961.0030000, 6323.1480000
12951.8900000, 10787.9230000, 6767.3520000, 5648.4090000, 5932.7640000, 5985.8890000, 6551.2850000
12937.7420000, 10653.8380000, 6742.6500000, 5617.0220000, 5992.2430000, 5936.0780000, 6348.6850000
12978.1300000, 10632.9680000, 6767.7230000, 5597.7090000, 6851.5310000, 5991.0200000, 6193.8040000
12991.4060000, 10656.1530000, 6769.7220000, 5711.4990000, 5971.5950000, 6000.0000000, 6711.9990000
12981.5180000, 10678.7630000, 6759.6300000, 5752.2740000, 6909.7690000, 5896.0980000, 6679.6670000
12950.5570000, 10635.6540000, 6786.3330000, 5661.5940000, 5913.6910000, 6044.7940000, 6415.1990000
12933.1690000, 10655.0790000, 6769.6670000, 5625.6890000, 5914.5990000, 6024.1840000, 6290.3910000
12995.9990000, 10655.3570000, 6750.2050000, 5719.6270000, 5979.7250000, 6073.0520000, 6141.6770000
13006.0910000, 10634.2100000, 6775.5370000, 5662.8160000, 5908.9320000, 5969.4090000, 6619.4290000
12924.3730000, 10657.6900000, 6756.2420000, 5614.7070000, 6183.5660000, 6508.9550000, 6127.2700000
12924.8730000, 10656.8190000, 6760.0560000, 5630.5210000, 5839.7500000, 6183.3610000, 6260.1150000
12977.9260000, 10634.2650000, 6779.2590000, 5680.3890000, 6060.4980000, 6494.5850000, 6469.9930000
13006.7580000, 10656.6340000, 6770.5930000, 5612.2820000, 6628.5060000, 5995.0560000, 6562.5250000
12937.0950000, 10653.3940000, 6786.4070000, 5653.4460000, 6923.6380000, 6279.5590000, 6550.9340000
12936.9840000, 10630.2840000, 6751.6870000, 5574.6170000, 6364.7600000, 6536.1200000, 6249.2820000
12960.1670000, 10665.6900000, 6854.3290000, 5646.5760000, 6826.9950000, 6272.9300000, 6313.1680000
13001.2210000, 10658.2080000, 6766.7040000, 5646.2050000, 6348.7430000, 6370.0730000, 6391.3490000
12966.8710000, 10632.0060000, 6760.2050000, 5576.9130000, 6871.9920000, 6393.0720000, 6042.0150000
12951.4650000, 10657.0970000, 6782.0740000, 5730.4240000, 6456.3100000, 6155.6410000, 6439.0320000
12940.7050000, 10656.5050000, 6769.0190000, 5644.7790000, 5882.7110000, 6149.8260000, 6078.0510000
12999.0910000, 10633.7830000, 6751.3530000, 5680.5190000, 6398.9440000, 6498.4740000, 6257.3010000
12995.4070000, 10654.6720000, 6783.7030000, 5660.7610000, 5889.4890000, 6071.6080000, 6323.9450000
12953.4080000, 10666.0220000, 6783.7590000, 5705.6280000, 5829.7690000, 5927.9110000, 6509.1760000
12925.6140000, 10635.0610000, 6751.0750000, 5665.4450000, 6833.9390000, 6024.6100000, 6490.9180000
12985.3510000, 10650.9490000, 6783.6290000, 5687.6480000, 6626.9680000, 5904.0980000, 6508.1580000
12980.8330000, 10658.2640000, 6772.9810000, 5789.2350000, 6048.9800000, 6001.4260000, 6142.8070000
12972.0560000, 10633.0060000, 6762.5930000, 5563.7470000, 5855.5450000, 6245.5620000, 6465.8080000
12934.1320000, 10672.0770000, 6737.1680000, 5636.6510000, 5828.2700000, 6080.1630000, 6274.6520000
12941.0760000, 10658.7080000, 6779.0550000, 5611.3560000, 5856.2490000, 6305.5580000, 7860.9200000
12984.1100000, 10632.5240000, 6772.6480000, 5703.5360000, 5858.8790000, 6084.6260000, 6772.0700000
12973.8330000, 10655.7640000, 6732.5020000, 5701.3510000, 5857.0830000, 6827.8270000, 6292.3170000
12953.3890000, 10647.8560000, 6776.6480000, 5594.5050000, 5810.0660000, 6224.7470000, 6862.6570000
12936.1490000, 10634.5980000, 6773.7410000, 5729.4420000, 5841.7500000, 6126.7890000, 6453.5860000
12978.3690000, 10657.0600000, 6748.6120000, 5701.0540000, 6385.7410000, 5910.0050000, 6063.5700000
12985.4440000, 10658.2080000, 6774.4630000, 5647.0570000, 5900.5060000, 6049.2380000, 6396.4790000
12949.5930000, 10633.1360000, 6779.0920000, 5590.0420000, 5937.0600000, 6443.8650000, 6726.2210000
12935.4640000, 10656.8930000, 6750.2420000, 5565.2650000, 6457.2180000, 6371.5920000, 6518.0640000
12978.2400000, 10659.0230000, 6780.7220000, 5610.3370000, 6944.9510000, 6565.9520000, 6657.6310000
12958.7220000, 10629.9870000, 6768.0920000, 5533.0630000, 6383.6480000, 6382.2210000, 6612.8000000
13075.9940000, 10669.8930000, 6782.2950000, 5600.4490000, 6632.6900000, 6167.0840000, 6657.0390000
12986.8320000, 10656.9120000, 6751.2970000, 5573.3580000, 5979.2990000, 5940.9480000, 6319.1680000
13022.9960000, 10633.8940000, 6787.2960000, 5916.1730000, 5805.9180000, 6057.6460000, 6431.5510000
13008.2760000, 10658.9120000, 6773.8140000, 5704.6840000, 5965.7070000, 6025.2770000, 6404.3670000
13024.0520000, 10659.8380000, 6762.3150000, 5676.9630000, 6924.6930000, 6036.3690000, 6234.3390000
12999.0910000, 10633.6540000, 6785.5360000, 6045.6110000, 5968.2810000, 5931.8930000, 6484.5670000
13005.6460000, 10660.0960000, 6770.7960000, 5722.9430000, 5942.8190000, 6011.9990000, 6242.6900000
12989.1280000, 10655.1340000, 6760.6860000, 5654.3720000, 5935.2460000, 5996.1670000, 6367.5360000
13053.0510000, 10630.8010000, 6762.2410000, 5727.0530000, 6056.7390000, 6043.9420000, 6485.3440000
13019.2560000, 10656.8190000, 6764.2230000, 5667.1310000, 6586.2670000, 6482.8080000, 6434.6620000
13007.6450000, 10660.7810000, 6913.9740000, 5693.2960000, 5850.5830000, 6764.2750000, 6469.9190000
12943.3160000, 10643.5040000, 6755.4270000, 5628.1510000, 5917.2830000, 6449.8660000, 6515.7500000
12960.2600000, 10656.0780000, 6768.3700000, 5697.1290000, 5879.3970000, 6511.4180000, 6634.3730000
12990.8320000, 10661.3930000, 6778.9250000, 5715.5910000, 5719.2200000, 5957.6320000, 6859.4360000
12998.6470000, 10631.6720000, 6760.9630000, 5646.7430000, 5882.4510000, 5962.8730000, 6617.0040000
12929.6320000, 10658.3740000, 6779.1100000, 5643.7430000, 6647.7450000, 5865.9140000, 6448.1420000
12955.5000000, 10660.9480000, 6770.1300000, 5689.0740000, 5931.0970000, 5962.3910000, 6641.3360000
12973.1660000, 10634.4860000, 6759.4450000, 5594.5050000, 5805.6220000, 6061.9970000, 6488.2880000
12996.9240000, 10655.6160000, 6779.6480000, 5589.0610000, 6571.6560000, 5866.4140000, 6664.4450000
12960.7780000, 10658.4480000, 6771.6480000, 5674.8710000, 5855.4530000, 6046.5900000, 6858.7320000
12927.0020000, 10633.8750000, 6751.4820000, 5613.2990000, 5784.0310000, 6302.5590000, 6745.2560000
12948.7790000, 10657.5410000, 6779.6300000, 5624.9480000, 6554.6570000, 6612.6530000, 6359.0910000
13021.2570000, 10657.3190000, 6766.8340000, 5651.0750000, 6997.2640000, 6226.5440000, 6608.3930000
12981.5920000, 10647.2080000, 6754.7970000, 5646.3350000, 5987.6130000, 6450.0880000, 6566.6920000
12944.1490000, 10657.8740000, 6744.3160000, 5651.2980000, 6932.9900000, 6032.1840000, 7028.0010000
12939.8340000, 10658.1340000, 6763.5370000, 5696.0000000, 6382.9070000, 5845.1010000, 6963.7080000
12986.1280000, 10634.8010000, 6779.0370000, 5631.1330000, 5996.1500000, 6024.5360000, 6689.8520000
12988.1280000, 10658.6520000, 6772.4440000, 5597.6890000, 5878.0440000, 5881.3020000, 6663.3350000
12954.6670000, 10657.9850000, 6766.5010000, 5581.9500000, 5958.0410000, 5941.3920000, 6400.2930000
12944.1680000, 10632.4680000, 6775.6110000, 5577.4500000, 5863.5450000, 5871.3590000, 6916.5810000
13119.3440000, 10659.0040000, 6761.6670000, 5643.2980000, 5795.4930000, 5959.9280000, 6531.8970000
12988.9980000, 10654.0220000, 6756.7420000, 5598.6520000, 5659.1850000, 6069.3120000, 6698.7030000
12979.1100000, 10634.4310000, 6777.1110000, 5613.3370000, 5805.2890000, 6361.6660000, 6445.2910000
12949.5740000, 10658.1150000, 6752.1300000, 5589.6900000, 5829.3990000, 6086.3290000, 6351.4060000
12965.6110000, 10666.7450000, 6782.1100000, 5784.4200000, 5851.0650000, 6027.7950000, 6326.9270000
12994.1280000, 10634.1900000, 6771.1480000, 5652.1500000, 5925.0980000, 5955.5400000, 6321.9640000
12986.7210000, 10654.7630000, 6758.3710000, 5614.8180000, 5841.1020000, 5956.5760000, 6444.6980000
12935.7610000, 10659.9110000, 6768.9810000, 5740.0530000, 5753.4030000, 5940.6700000, 6294.2800000
12934.2610000, 10629.3760000, 6763.1490000, 5639.9660000, 5880.2660000, 5994.2230000, 6577.5990000
12976.0180000, 10658.5780000, 6774.1480000, 5604.5220000, 6177.3060000, 5859.5070000, 6352.0730000
12992.6090000, 10629.3200000, 6752.3900000, 5585.8750000, 5829.9920000, 6063.3490000, 6282.7250000
12954.1670000, 10659.1890000, 6773.4620000, 5608.0040000, 6794.9970000, 6077.2730000, 6536.1930000
12929.7420000, 10656.0960000, 6765.2960000, 5646.2610000, 6659.5590000, 6442.8100000, 6226.0430000
12961.5000000, 10632.4870000, 6736.8910000, 5557.0620000, 6589.7850000, 6177.0100000, 6541.1740000
12954.5190000, 10658.1150000, 6773.7220000, 5622.0410000, 6614.2280000, 6028.0910000, 6557.4700000
12981.9990000, 10657.3930000, 6763.9820000, 5616.5960000, 5867.1380000, 5890.5250000, 6533.1570000
12961.2590000, 10636.6900000, 6762.8520000, 5631.7800000, 5826.9920000, 6035.0360000, 6305.8910000
12965.4450000, 10661.6520000, 6784.4440000, 5609.5220000, 5858.1750000, 5956.5210000, 6345.5930000
12958.7040000, 10656.5040000, 6770.3150000, 5591.4310000, 5791.6790000, 5939.3740000, 6511.5840000
12979.1100000, 10632.5240000, 6735.8160000, 5616.7440000, 6978.6170000, 6002.7600000, 6353.6290000
12966.2220000, 10661.4670000, 6774.8880000, 5657.3170000, 6441.1080000, 6009.3330000, 6364.0170000
12959.2220000, 10659.3560000, 6761.7410000, 5718.9420000, 5795.5860000, 5986.7600000, 6567.1550000
12948.3900000, 10630.9310000, 6759.8530000, 5648.1130000, 5946.1150000, 6039.0170000, 6488.8630000
12965.6670000, 10656.8930000, 6744.9830000, 5750.5520000, 5832.8990000, 5920.1890000, 6550.0070000
12996.5900000, 10655.0600000, 6769.3890000, 5669.3900000, 6004.9820000, 5895.8760000, 6410.5340000
12973.2040000, 10630.6160000, 6774.0180000, 5591.5970000, 5856.0080000, 6130.8260000, 6377.5170000
12945.5380000, 10656.9300000, 6751.3530000, 5705.7580000, 5905.9690000, 6101.4400000, 6545.9340000
12949.3340000, 10657.9490000, 6770.0370000, 5620.8370000, 5749.6250000, 5938.3930000, 6343.8150000
12970.5180000, 10643.1900000, 6907.1230000, 5726.4980000, 6476.0500000, 5988.1310000, 6461.6780000
12992.7580000, 10654.8180000, 6751.0380000, 5616.2070000, 6579.4520000, 5919.6150000, 6552.4330000
12942.6120000, 10657.7440000, 6771.7230000, 5785.7540000, 5771.1620000, 5885.6550000, 6284.7620000
12937.7050000, 10631.3020000, 6768.7590000, 5629.1510000, 5777.3830000, 6107.2720000, 6548.0440000
12976.7590000, 10654.7820000, 6760.8150000, 5649.1310000, 6524.3440000, 6179.7500000, 6419.9960000
12991.9610000, 10658.9120000, 6772.0180000, 5872.9530000, 6405.7770000, 6357.2220000, 6471.4370000
12959.7040000, 10636.0970000, 6764.1490000, 5635.9100000, 5793.6790000, 6361.4990000, 6627.8550000
12952.4080000, 10659.2080000, 6790.7950000, 5790.6800000, 6561.5270000, 6210.5450000, 6401.9220000
12969.2960000, 10654.8560000, 6738.4650000, 5621.0770000, 5788.9200000, 6579.4150000, 6386.8130000
12967.0180000, 10634.3940000, 6761.8710000, 5621.8740000, 6429.0900000, 6506.5290000, 6652.3910000
12987.6640000, 10655.5780000, 6777.4440000, 5570.1910000, 6034.5180000, 6034.5730000, 6265.5780000
12933.4830000, 10664.8370000, 6747.6860000, 5620.2440000, 5806.9740000, 6145.3810000, 6563.6730000
12940.1120000, 10634.4490000, 6771.1480000, 5711.1280000, 6865.8640000, 5937.0970000, 6417.1810000
12957.6660000, 10656.9300000, 6775.3520000, 5839.7880000, 5859.6750000, 5965.0760000, 6511.1950000
12993.5530000, 10656.8190000, 6752.9090000, 5718.3320000, 5918.5420000, 6010.5360000, 6408.1440000
12940.3520000, 10633.3760000, 6771.1670000, 5655.4280000, 6154.5850000, 6019.2030000, 6378.4050000
12929.9640000, 10653.1520000, 6772.3710000, 5680.3150000, 6916.7310000, 6321.0940000, 6562.1920000
12976.1090000, 10658.5040000, 6753.1300000, 5600.7630000, 5857.0270000, 6067.0150000, 6653.5580000
13004.9050000, 10633.0790000, 6788.9990000, 5660.1120000, 5882.1740000, 6385.8510000, 6345.8700000
12955.6290000, 10655.5410000, 6776.9630000, 5580.9870000, 5876.1560000, 6365.8880000, 6372.6470000
12935.7600000, 10654.5600000, 6779.8510000, 5574.7090000, 5883.7850000, 6275.4300000, 6340.5550000
12940.9450000, 10630.6530000, 6736.5940000, 5769.2730000, 6807.2740000, 5992.8160000, 6653.4460000
12994.4420000, 10656.4110000, 6780.2220000, 5664.0940000, 6029.6480000, 5996.1850000, 6717.1650000
12989.5900000, 10666.3180000, 6762.1850000, 5663.0560000, 5809.1220000, 6047.3130000, 6689.6850000
12957.8140000, 10634.0240000, 6747.0010000, 5634.4280000, 6841.3460000, 6097.3460000, 6665.6860000
12924.2790000, 10657.3550000, 6771.9440000, 5675.5930000, 6718.7230000, 6151.2700000, 6504.7880000
13012.2740000, 10650.1150000, 6783.2030000, 5767.9770000, 5908.3390000, 6646.0590000, 6676.8710000
12975.9990000, 10630.1540000, 6754.5740000, 5640.8540000, 6006.4630000, 6390.9420000, 6656.9090000
12941.1860000, 10658.4660000, 6772.3520000, 5654.3350000, 5951.7250000, 6522.5470000, 6633.1700000
12937.1120000, 10658.3550000, 6770.9630000, 5674.6490000, 5822.3800000, 6072.0330000, 6668.4460000
12963.3140000, 10630.2640000, 6758.4260000, 5581.7460000, 5776.3090000, 6374.6840000, 6502.5280000
12979.1840000, 10658.3740000, 6774.4260000, 5625.9110000, 5758.7180000, 6060.4970000, 6605.1520000
12974.2030000, 10656.8190000, 6766.4450000, 5574.4690000, 5821.8620000, 6472.4570000, 6328.0190000
12956.1100000, 10631.2640000, 6776.6480000, 5664.3340000, 5731.2370000, 5909.5420000, 6407.9220000
12943.0560000, 10656.2080000, 6752.2600000, 5633.8360000, 5868.2490000, 5912.0610000, 6425.8100000
12998.0530000, 10667.0220000, 6762.0750000, 5590.2280000, 5879.6550000, 6036.1650000, 6346.1290000
13019.5330000, 10636.8940000, 6761.3710000, 5696.7580000, 6388.7210000, 6370.5550000, 6387.8680000
12959.4810000, 10658.2450000, 6759.3150000, 5589.9130000, 5921.6540000, 6412.2930000, 6507.9910000
12937.4080000, 10658.3010000, 6771.7780000, 5561.7100000, 6057.9610000, 6191.6750000, 6574.5240000
13012.5890000, 10632.9490000, 6769.6120000, 5680.8150000, 6373.6860000, 6393.9790000, 6616.1330000
13003.2750000, 10653.4300000, 6741.1680000, 5730.7570000, 5845.6020000, 6287.8180000, 6588.5430000
12998.5160000, 10657.5040000, 6900.8080000, 5674.3340000, 6512.4370000, 6016.6850000, 6388.3860000
12954.3520000, 10633.7270000, 6783.3880000, 5729.4240000, 6652.6710000, 5902.0420000, 7003.6680000
12976.4610000, 10653.8560000, 6749.7230000, 5740.3860000, 5772.5500000, 6060.2930000, 6628.6880000
12958.1290000, 10656.5220000, 6777.9810000, 5642.4830000, 6410.6280000, 6016.7590000, 6566.0990000
12991.9610000, 10645.3190000, 6776.4810000, 5644.8360000, 5876.4700000, 5920.1150000, 6571.0800000
12977.0170000, 10669.4660000, 6777.1480000, 5746.5710000, 5873.6560000, 6276.0970000, 6632.5030000
12959.0360000, 10659.8360000, 6751.6860000, 5592.2830000, 5986.4100000, 6003.4260000, 6428.2730000
12947.6480000, 10633.4120000, 6772.6670000, 5622.0030000, 6907.1010000, 6087.5880000, 6590.7640000
12992.3860000, 10655.8930000, 6786.6110000, 5644.2240000, 6063.6460000, 5871.7470000, 6453.5670000
12981.9250000, 10655.4290000, 6764.1480000, 5770.3100000, 5895.1730000, 6065.6080000, 6566.2470000
12994.2570000, 10634.5050000, 6768.9260000, 5599.4120000, 5870.7300000, 5916.9490000, 6739.3670000
12944.3150000, 10657.7250000, 6784.5360000, 5695.8140000, 6879.5840000, 6166.3250000, 6437.6060000
12964.7210000, 10655.8000000, 6760.1110000, 5703.1840000, 6530.1220000, 6014.3330000, 6228.5980000
12988.7940000, 10630.3380000, 6783.6480000, 5610.1340000, 5942.6340000, 6111.3460000, 6224.9500000
12990.4610000, 10749.9060000, 6782.5360000, 5553.6170000, 6512.9930000, 5937.0400000, 6387.1460000
12931.7970000, 10668.8180000, 6777.9440000, 5692.5180000, 5919.5790000, 6135.2150000, 6610.3930000
12942.3340000, 10633.8010000, 6754.2790000, 5644.4470000, 5843.7320000, 6235.8770000, 6309.4820000
12958.9440000, 10676.2610000, 6765.8150000, 5664.0570000, 5983.1320000, 5986.6490000, 6498.5280000
12990.5540000, 10659.8370000, 6758.1490000, 5573.1910000, 5756.6060000, 5952.3920000, 6219.7660000
12950.5920000, 10628.5980000, 6737.7790000, 5665.1300000, 6529.5290000, 6466.6230000, 6470.5850000
12935.1490000, 10656.5220000, 6767.6120000, 5653.0020000, 5837.6760000, 6232.0250000, 6479.2890000
12970.3510000, 10656.6880000, 6805.1280000, 5602.2450000, 5948.8370000, 5998.5180000, 6582.1720000
13004.2930000, 10633.1530000, 6740.5570000, 5625.5400000, 5855.6010000, 5967.0750000, 6524.2120000
12973.3140000, 10654.7070000, 6763.5560000, 5619.7810000, 6416.8130000, 5995.5370000, 6940.8380000
12929.8350000, 10659.9850000, 6823.6090000, 5652.1320000, 6295.3740000, 5980.3530000, 6910.1920000
12947.9810000, 10632.3750000, 6753.8340000, 5696.5180000, 5886.4330000, 5910.3200000, 6633.6880000
12983.4240000, 10657.1150000, 6778.6110000, 5597.0780000, 6886.9920000, 6401.2940000, 6513.0650000
12997.5900000, 10633.3570000, 6776.2770000, 5733.4230000, 6600.9690000, 6628.7820000, 6647.7050000
12942.4260000, 10648.5590000, 6757.1850000, 5654.9090000, 6725.0010000, 6544.3410000, 6749.4220000
12946.2040000, 10667.5590000, 6749.2600000, 5624.3920000, 5825.9360000, 6182.1200000, 6803.1600000
12962.0920000, 10638.8200000, 6771.3520000, 5549.7290000, 5866.0820000, 5959.0020000, 6869.6020000
12999.0530000, 10656.1140000, 6791.8130000, 5555.2660000, 6672.5950000, 5978.0750000, 6664.4640000
12954.8140000, 11182.8460000, 6772.4440000, 5692.9990000, 6973.6540000, 5983.4260000, 6510.8420000
12950.7220000, 10672.1690000, 6765.9810000, 5699.3700000, 5906.7840000, 6004.1670000, 6643.0570000
12946.0740000, 10638.2080000, 6781.3140000, 5670.4820000, 5840.6020000, 6353.3510000, 6622.0400000
13005.7940000, 10661.4290000, 6758.3340000, 5646.5940000, 5937.1160000, 6590.5610000, 6445.3640000
12978.3690000, 10654.0400000, 6767.6660000, 5581.6160000, 6433.1080000, 6265.6900000, 6448.8450000
12943.5560000, 10632.7270000, 6774.9440000, 5594.0230000, 6604.2840000, 6128.0300000, 6909.0070000
12943.8150000, 10657.5210000, 6749.2420000, 5752.3850000, 5798.1040000, 6574.3770000, 6577.6910000
12975.9800000, 10654.9860000, 6766.1300000, 5626.5030000, 5826.5660000, 5952.9470000, 6858.8050000
12988.9790000, 10648.9110000, 6775.7400000, 5713.7200000, 6557.2680000, 5962.9090000, 6754.0700000
12957.0000000, 10657.7820000, 6764.4260000, 5740.9230000, 6801.5330000, 6164.2130000, 6501.7680000
12939.0560000, 10662.3170000, 6758.2040000, 5586.5230000, 5952.0960000, 6388.4800000, 6547.6920000
12992.3500000, 10632.4310000, 6760.2220000, 5552.8580000, 5878.8780000, 6557.9150000, 6561.6360000
12974.3500000, 10657.1330000, 6773.9810000, 5596.9300000, 6551.1200000, 6256.3010000, 6354.2770000
12984.9800000, 10658.7620000, 6748.4080000, 5613.5040000, 6934.6000000, 6168.6390000, 6352.7770000
12953.6840000, 10634.8010000, 6771.5370000, 5669.9820000, 5893.1360000, 6020.7020000, 6607.1520000
12970.1280000, 10655.0040000, 6776.1660000, 5761.6810000, 6557.8980000, 5859.5070000, 6624.5770000
12962.8500000, 10659.0220000, 6758.4450000, 5734.0530000, 5897.3030000, 6015.5360000, 6553.1000000
12982.5710000, 10633.4860000, 6760.8330000, 5563.0620000, 5948.4300000, 6350.8700000, 6369.7200000
12964.1840000, 10656.4300000, 6789.1650000, 5637.6880000, 5906.1170000, 6549.7670000, 6765.0880000
12963.6830000, 10655.3000000, 6741.3530000, 5710.9420000, 6722.2040000, 5916.1530000, 6413.6260000
12955.3880000, 10642.4480000, 6772.9070000, 5556.0060000, 6555.7860000, 5978.4080000, 6684.0560000
12986.3130000, 10658.9480000, 6767.1110000, 5654.2240000, 5948.1330000, 5926.6880000, 6683.6850000
12968.4610000, 10653.5590000, 6747.6310000, 5622.6700000, 5873.5440000, 6092.9770000, 6430.1800000
12971.5170000, 10632.3190000, 6780.1660000, 5604.3190000, 5870.2110000, 6548.3050000, 6413.7920000
12931.1670000, 10660.2250000, 6776.6290000, 5591.6150000, 5775.6420000, 6474.4930000, 6445.6610000
12957.2580000, 10654.4670000, 6770.7780000, 5594.8930000, 5917.7080000, 6295.9840000, 6402.8110000
12996.4410000, 10631.1530000, 6744.7790000, 5616.0410000, 5959.8370000, 6173.8980000, 6524.4530000
12957.2210000, 10657.7630000, 6774.0920000, 5795.0130000, 5932.8560000, 6022.2770000, 6450.9940000
12966.3690000, 10632.3570000, 6765.1290000, 5618.0030000, 5837.6200000, 6383.0720000, 6738.4050000
12939.7220000, 10659.3920000, 6761.1480000, 5608.6520000, 5926.2640000, 6075.2000000, 6502.8060000
12994.1450000, 10660.2440000, 6764.6670000, 5645.1870000, 6052.7380000, 6141.3440000, 6659.8160000
12968.4800000, 10634.2260000, 6783.0920000, 5648.7240000, 5852.3420000, 6082.4960000, 6668.8710000
12964.3690000, 10667.4110000, 6739.9080000, 5607.5770000, 5788.3270000, 5927.3740000, 6652.1310000
12942.1290000, 10659.3730000, 6771.4260000, 5596.5600000, 5821.8250000, 6031.2950000, 6577.5980000
13854.5270000, 10634.9120000, 6769.3510000, 5657.8160000, 6629.0050000, 6066.7000000, 6743.0710000
13401.5130000, 10656.6890000, 6756.7230000, 5573.5430000, 6421.6080000, 6098.5690000, 6582.6900000
12964.2020000, 10657.6330000, 6759.4080000, 5680.7410000, 5940.7630000, 6017.0910000, 6758.6070000
12940.9630000, 10637.7630000, 6785.6650000, 5648.3900000, 5961.0400000, 6095.7730000, 6891.1190000
13493.9720000, 10658.5590000, 6770.0180000, 5618.7630000, 6020.8510000, 6004.7590000, 6426.1240000
13037.6800000, 10655.6890000, 6753.5190000, 5597.9490000, 6616.0980000, 6044.4230000, 6646.1310000
12985.8860000, 10634.1160000, 6779.3330000, 5601.1890000, 5808.0670000, 6039.2010000, 6385.7560000
12940.1480000, 10655.5960000, 6786.4800000, 5641.4090000, 6021.4250000, 5969.1120000, 6661.1670000
12971.0730000, 10657.6330000, 6757.0380000, 5709.3870000, 5833.7870000, 6050.8490000, 6394.7180000
12986.6090000, 10644.4480000, 6764.2220000, 5664.3340000, 6789.7560000, 6131.8270000, 6628.1330000
12977.9790000, 10662.5400000, 6770.2400000, 5587.4120000, 6522.3250000, 5952.8730000, 6498.2500000
12959.3880000, 10654.4110000, 6735.4460000, 5568.5990000, 5826.7690000, 6084.2740000, 6242.5790000
12956.8140000, 10635.2270000, 6775.5370000, 5623.6880000, 5912.2460000, 6142.2140000, 6387.2560000
12955.3330000, 10659.3370000, 6767.6850000, 5694.6100000, 5782.2530000, 6171.8610000, 6303.1860000
13005.8670000, 10655.7630000, 6755.8340000, 5583.0790000, 6017.7770000, 6342.8900000, 6838.6400000
12989.5150000, 10632.5230000, 6777.0360000, 5635.7800000, 6524.9920000, 6005.2590000, 6651.7980000
12970.3310000, 10655.9110000, 6765.3520000, 5728.4790000, 6982.7640000, 6507.4730000, 6219.4130000
13018.5330000, 10660.4290000, 6780.4250000, 5598.3750000, 5890.9510000, 5984.9640000, 6409.2920000
12994.3120000, 10632.5790000, 6747.7790000, 5586.2460000, 6874.2330000, 6002.5730000, 6300.5570000
12981.2390000, 10648.9670000, 6776.9250000, 5636.6130000, 5902.1350000, 6068.7000000, 6333.1480000
12953.5550000, 10656.2810000, 6762.1120000, 5647.5940000, 5839.9170000, 6109.9940000, 6192.7480000
12938.9990000, 10645.8370000, 6765.7220000, 5736.5340000, 6679.3540000, 5984.0750000, 6297.9280000
12947.8890000, 10658.0960000, 6768.2960000, 5618.5960000, 6578.2110000, 6112.0310000, 6251.3000000
12978.6460000, 10656.1890000, 6905.5300000, 5649.4460000, 5793.7710000, 6164.6950000, 6195.5260000
12972.0900000, 10637.2080000, 6758.1300000, 5740.0900000, 5851.0270000, 6179.1020000, 6492.3250000
12956.2580000, 10658.6880000, 6784.9060000, 6077.3310000, 5903.3210000, 5978.8530000, 6139.0840000
12943.1110000, 10659.6520000, 6772.2960000, 6641.6350000, 6914.8230000, 6013.2770000, 6453.5490000
12965.7400000, 10632.8380000, 6752.6300000, 5606.0040000, 6008.3340000, 5909.9300000, 6283.2060000
12983.1640000, 10657.0220000, 6765.9260000, 6107.4030000, 6748.2580000, 6058.3490000, 6394.3110000
12985.3680000, 10660.0390000, 6776.6290000, 5581.9310000, 5899.5430000, 5990.1860000, 6780.7170000
12938.7590000, 10631.6530000, 6762.5370000, 5703.6470000, 6037.6280000, 6105.5680000, 6212.2290000
12946.3510000, 10655.9660000, 6758.1120000, 5571.3570000, 5877.8040000, 6405.2560000, 6273.5400000
12980.3490000, 10667.2250000, 6786.0540000, 6022.1670000, 6629.5050000, 6399.9420000, 6163.8610000
12996.0160000, 10633.2640000, 6772.1850000, 5635.5030000, 6560.6390000, 6026.7760000, 6584.5610000
12953.1660000, 10655.3550000, 6756.0190000, 5640.5390000, 6592.8770000, 5943.8180000, 6149.0090000
12931.2040000, 10652.5040000, 6771.3890000, 5749.3670000, 6891.1760000, 6277.5600000, 6416.3660000
12969.3320000, 10633.0410000, 6781.9990000, 5664.9630000, 6406.9050000, 6064.3120000, 6211.0620000
13012.3480000, 10656.4480000, 6755.1670000, 5704.5350000, 5880.0810000, 6330.3710000, 6169.4340000
12957.1290000, 10658.0960000, 6771.2960000, 5746.7370000, 6378.2400000, 6277.8930000, 6641.2990000
12934.2220000, 10631.9670000, 6782.2390000, 5638.4280000, 6130.5490000, 6368.2770000, 6338.9070000
12934.5560000, 10656.0220000, 6750.5750000, 5789.3090000, 6108.4760000, 6074.1820000, 6309.5750000
13009.2550000, 10658.1330000, 6770.2590000, 5623.2990000, 5897.8950000, 6081.4950000, 6239.9680000
12966.7200000, 10632.5600000, 6776.9620000, 5704.9430000, 5815.2520000, 6217.9890000, 6383.2380000
